skeleton,start_time,end_time,volume
20210504DBNS1,1899-12-30 13:12:28,1899-12-30 13:16:07,475.273728
20210504DBNS2,1899-12-30 13:23:56,1899-12-30 13:29:03,562.5325843
20210504DBNS3,1899-12-30 13:58:25,1899-12-30 14:04:51,588.95496
20210504DBOW1,1899-12-30 12:42:37,1899-12-30 12:47:49,1052.77824
20210504DBOW2,1899-12-30 12:52:37,1899-12-30 12:57:44,1154.4192
20210504DBOW3,1899-12-30 13:02:09,1899-12-30 13:07:12,1063.4688
20210513DSCT1NS,1899-12-30 09:49:09,1899-12-30 09:54:12,503.488512
20210513DSCT1OW,1899-12-30 09:38:42,1899-12-30 09:43:43,1126.07136
20210513DSCT2NS,1899-12-30 10:26:33,1899-12-30 10:31:04,407.540736
20210513DSCT2NS2,1899-12-30 11:18:02,1899-12-30 11:23:08,354.212352
20210513DSCT2OW,1899-12-30 10:07:01,1899-12-30 10:22:10,2040.07104
20210513DSCT3OW,1899-12-30 11:34:33,1899-12-30 11:39:35,355.072896
20210513DSCT3OW2,1899-12-30 11:46:15,1899-12-30 11:51:18,446.51232
20210513DSCT4OW,1899-12-30 10:36:25,1899-12-30 10:42:09,524.675232
20210513DSCT4OW2,1899-12-30 10:57:34,1899-12-30 11:02:32,174.26736
20210514EMC3NS,1899-12-30 10:40:51,1899-12-30 10:50:42,705.5119872
20210514EMC3OW,1899-12-30 10:28:55,1899-12-30 10:35:42,1136.931552
20210514EMC4NS,1899-12-30 10:55:04,1899-12-30 11:09:31,1328.718528
20210514EMC4OW,1899-12-30 10:15:45,1899-12-30 10:27:11,1671.656918
20210514GBC2NS,1899-12-30 14:02:45,1899-12-30 14:09:51,530.67888
20210514GBC2OW,1899-12-30 13:52:30,1899-12-30 13:59:03,1073.042957
20210518DSCT1NS,1899-12-30 13:50:00,1899-12-30 13:55:12,NA
20210518DSCT1OW,1899-12-30 13:58:38,1899-12-30 14:03:51,819.8498304
20210518DSCT2NS,1899-12-30 12:00:14,1899-12-30 12:05:17,636.16536
20210518DSCT2NS2,1899-12-30 12:49:36,1899-12-30 12:54:42,609.70896
20210518DSCT2OW,1899-12-30 12:59:20,1899-12-30 13:04:24,865.662336
20210518DSCT3OW,1899-12-30 13:11:00,1899-12-30 13:16:05,NA
20210518DSCT3OW2,1899-12-30 13:19:13,1899-12-30 13:24:16,618.379776
20210518DSCT4OW,1899-12-30 11:33:49,1899-12-30 11:39:06,650.911968
20210518DSCT4OW2,1899-12-30 11:43:19,1899-12-30 11:48:35,478.35216
20210519DBNS1,1899-12-30 10:45:29,1899-12-30 10:50:34,571.31784
20210519DBNS2,1899-12-30 11:06:06,1899-12-30 11:11:09,802.48104
20210519DBNS3,1899-12-30 11:18:01,1899-12-30 11:23:16,612.144288
20210519DBOW1,1899-12-30 10:08:50,1899-12-30 10:13:54,NA
20210519DBOW2,1899-12-30 10:17:53,1899-12-30 10:23:17,996.79392
20210519DBOW3,1899-12-30 10:26:50,1899-12-30 10:31:52,1160.25984
20210519EMC3NS,1899-12-30 13:50:48,1899-12-30 13:57:37,769.533408
20210519EMC3OW,1899-12-30 13:42:25,1899-12-30 13:48:07,1134.00864
20210519EMC4NS,1899-12-30 14:01:00,1899-12-30 14:12:19,1321.06104
20210519EMC4OW,1899-12-30 13:20:47,1899-12-30 13:31:12,1985.71392
20210519GBC2NS,1899-12-30 15:39:58,1899-12-30 15:45:50,678.2752858
20210519GBC2OW,1899-12-30 15:31:09,1899-12-30 15:36:40,NA
20210603DSCT1NS,1899-12-30 13:12:25,1899-12-30 13:17:26,574.3872
20210603DSCT1OW,1899-12-30 13:21:34,1899-12-30 13:26:59,937.97856
20210603DSCT2NS,1899-12-30 12:15:19,1899-12-30 12:20:18,560.008512
20210603DSCT2NS2,1899-12-30 12:26:44,1899-12-30 12:31:46,564.527808
20210603DSCT2OW,1899-12-30 11:06:29,1899-12-30 11:19:44,2657.59488
20210603DSCT3OW,1899-12-30 11:23:56,1899-12-30 11:28:58,926.21664
20210603DSCT3OW2,1899-12-30 11:30:35,1899-12-30 11:35:40,784.99296
20210603DSCT4OW,1899-12-30 11:50:21,1899-12-30 11:54:54,828.68256
20210603DSCT4OW2,1899-12-30 11:58:25,1899-12-30 12:03:36,824.109408
20210604EMC3NS,1899-12-30 12:10:30,1899-12-30 12:18:32,735.438528
20210604EMC3OW,1899-12-30 11:59:58,1899-12-30 12:06:53,1949.31072
20210604EMC4NS,1899-12-30 12:24:46,1899-12-30 12:39:24,1430.838864
20210604EMC4OW,1899-12-30 11:39:08,1899-12-30 11:48:51,NA
20210604GBC2NS,1899-12-30 09:43:25,1899-12-30 09:50:02,587.215728
20210604GBC2OW,1899-12-30 09:31:46,1899-12-30 09:37:03,1041.67584
20210616DSCT1NS,1899-12-30 13:01:28,1899-12-30 13:06:00,708.297408
20210616DSCT1OW,1899-12-30 13:11:27,1899-12-30 13:16:55,684.10224
20210616DSCT2NS,1899-12-30 12:28:40,1899-12-30 12:34:05,539.583552
20210616DSCT2NS2,1899-12-30 12:42:31,1899-12-30 12:47:32,402.84864
20210616DSCT2OW,1899-12-30 11:12:39,1899-12-30 11:19:44,2018.06208
20210616DSCT3OW,1899-12-30 11:28:05,1899-12-30 11:31:42,443.874816
20210616DSCT3OW2,1899-12-30 11:36:19,1899-12-30 11:42:18,757.57032
20210616DSCT4OW,1899-12-30 11:57:30,1899-12-30 12:05:07,729.058752
20210616DSCT4OW2,1899-12-30 12:10:14,1899-12-30 12:15:37,514.500624
20210617DBNS1,1899-12-30 10:11:27,1899-12-30 10:16:36,489.660336
20210617DBNS2,1899-12-30 10:22:44,1899-12-30 10:26:46,412.07616
20210617DBNS3,1899-12-30 09:58:01,1899-12-30 10:03:12,459.108864
20210617DBOW1,1899-12-30 09:20:15,1899-12-30 09:25:23,1021.7952
20210617DBOW2,1899-12-30 09:31:11,1899-12-30 09:36:24,1055.7648
20210617DBOW3,1899-12-30 09:45:34,1899-12-30 09:51:05,1103.39136
20210617EMC3NS,1899-12-30 11:57:18,1899-12-30 12:05:25,1093.012416
20210617EMC3OW,1899-12-30 11:48:06,1899-12-30 11:54:11,1311.50304
20210617EMC4NS,1899-12-30 12:14:04,1899-12-30 12:28:57,1668.58488
20210617EMC4OW,1899-12-30 11:26:26,1899-12-30 11:35:11,1985.26464
20210617GBC2NS,1899-12-30 13:55:12,1899-12-30 14:02:25,872.169984
20210617GBC2OW,1899-12-30 13:46:16,1899-12-30 13:51:42,1161.12672
20210630DSCT1NS,1899-12-30 09:59:38,1899-12-30 10:06:09,NA
20210630DSCT1OW,1899-12-30 10:12:29,1899-12-30 10:17:49,1212.85152
20210630DSCT2NS,1899-12-30 11:17:33,1899-12-30 11:23:12,609.36624
20210630DSCT2NS2,1899-12-30 11:30:45,1899-12-30 11:35:46,417.5943552
20210630DSCT2OW,1899-12-30 11:03:30,1899-12-30 11:13:59,1469.90304
20210630DSCT3OW,1899-12-30 10:29:43,1899-12-30 10:34:54,770.112
20210630DSCT3OW2,1899-12-30 10:39:45,1899-12-30 10:44:48,775.59552
20210630DSCT4OW,1899-12-30 11:41:43,1899-12-30 11:46:43,458.07696
20210630DSCT4OW2,1899-12-30 11:49:43,1899-12-30 11:54:50,696.1032
20210701EMC3NS,1899-12-30 10:18:46,1899-12-30 10:27:38,1027.25496
20210701EMC3OW,1899-12-30 10:08:14,1899-12-30 10:15:44,1454.20992
20210701EMC4NS,1899-12-30 10:34:01,1899-12-30 10:48:43,1388.965968
20210701EMC4OW,1899-12-30 09:48:55,1899-12-30 09:58:08,1912.38624
20210701GBC2NS,1899-12-30 14:06:39,1899-12-30 14:14:36,757.917216
20210701GBC2OW,1899-12-30 13:56:53,1899-12-30 14:03:06,1070.64
20210720DSCT1OW,1899-12-30 10:10:50,1899-12-30 10:14:59,695.876688
20210720DSCT2NS,1899-12-30 10:36:40,1899-12-30 10:41:29,441.118656
20210720DSCT2NS2,1899-12-30 10:45:20,1899-12-30 10:50:57,460.225152
20210720DSCT2OW,1899-12-30 10:23:09,1899-12-30 10:33:07,2517.36768
20210720DSCT1NS,,,
20210720DSCT3OW2,1899-12-30 11:36:02,1899-12-30 11:41:05,760.33152
20210720DSCT3OW,1899-12-30 11:36:02,1899-12-30 11:41:05,855.37296
20210720DSCT4OW,1899-12-30 10:56:45,1899-12-30 11:01:53,615.78288
20210720DSCT4OW2,1899-12-30 11:05:35,1899-12-30 11:10:33,753.3324
20210721DBNS1,1899-12-30 12:56:04,1899-12-30 13:00:59,NA
20210721DBNS2,1899-12-30 13:06:47,1899-12-30 13:11:03,NA
20210721DBNS3,1899-12-30 12:46:05,1899-12-30 12:50:41,NA
20210721DBOW1,1899-12-30 12:22:11,1899-12-30 12:25:16,NA
20210721DBOW2,1899-12-30 12:37:43,1899-12-30 12:41:42,NA
20210721DBOW3,1899-12-30 12:28:51,1899-12-30 12:33:56,NA
20210721EMC3NS,1899-12-30 10:23:56,1899-12-30 10:36:23,983.0916864
20210721EMC3OW,1899-12-30 10:16:27,1899-12-30 10:23:23,1431.81504
20210721EMC4NS,1899-12-30 10:40:43,1899-12-30 10:55:17,1396.322928
20210721EMC4OW,1899-12-30 09:56:58,1899-12-30 10:07:14,1898.3376
20210721GBC2NS,1899-12-30 14:05:43,1899-12-30 14:14:46,NA
20210721GBC2OW,1899-12-30 13:58:02,1899-12-30 14:02:57,NA
20210803DSCT1NS,1899-12-30 13:07:29,1899-12-30 01:12:46,425.284992
20210803DSCT1OW,1899-12-30 13:15:17,1899-12-30 01:20:44,685.768032
20210803DSCT2NS,1899-12-30 11:15:44,1899-12-30 11:20:23,435.0167078
20210803DSCT2NS2,1899-12-30 11:27:13,1899-12-30 11:32:14,580.610304
20210803DSCT2OW,1899-12-30 12:08:26,1899-12-30 12:25:12,2582.24112
20210803DSCT3OW,1899-12-30 12:31:32,1899-12-30 12:35:32,625.914432
20210803DSCT3OW2,1899-12-30 12:37:41,1899-12-30 12:46:07,1071.385344
20210803DSCT4OW,1899-12-30 11:38:36,1899-12-30 11:44:55,807.147936
20210803DSCT4OW2,1899-12-30 11:48:01,1899-12-30 11:24:01,980.00064
20210804DBNS1,1899-12-30 13:12:49,1899-12-30 13:16:41,NA
20210804DBNS2,1899-12-30 13:22:16,1899-12-30 13:29:35,NA
20210804DBNS3,1899-12-30 13:02:13,1899-12-30 13:08:59,NA
20210804DBOW1,1899-12-30 12:43:06,1899-12-30 12:48:56,NA
20210804DBOW2,1899-12-30 12:52:38,1899-12-30 12:57:09,NA
20210804DBOW3,1899-12-30 12:36:53,1899-12-30 12:40:42,NA
20210804EMC3NS,1899-12-30 10:54:45,1899-12-30 11:04:04,1055.55456
20210804EMC3OW,1899-12-30 10:46:40,1899-12-30 10:53:06,1385.3232
20210804EMC4NS,1899-12-30 11:06:49,1899-12-30 11:21:50,1467.805133
20210804EMC4OW,1899-12-30 10:25:24,1899-12-30 10:34:29,1740.5424
20210804GBC2NS,1899-12-30 14:20:25,1899-12-30 14:30:30,NA
20210804GBC2OW,1899-12-30 14:12:53,1899-12-30 14:18:20,NA
20210818DSCT1NS,1899-12-30 12:31:42,1899-12-30 12:36:53,692.01864
20210818DSCT1OW,1899-12-30 12:40:19,1899-12-30 12:44:33,825.005232
20210818DSCT2NS,1899-12-30 11:02:10,1899-12-30 11:07:13,468.388224
20210818DSCT2NS2,1899-12-30 11:10:10,1899-12-30 11:15:14,583.37712
20210818DSCT2OW,1899-12-30 10:48:41,1899-12-30 10:57:17,2799.67104
20210818DSCT3OW,1899-12-30 11:53:39,1899-12-30 11:58:43,883.944
20210818DSCT3OW2,1899-12-30 12:00:30,1899-12-30 12:06:00,918.12384
20210818DSCT4OW,1899-12-30 11:21:51,1899-12-30 11:26:32,978.867072
20210818DSCT4OW2,1899-12-30 11:28:20,1899-12-30 11:34:21,987.427728
20210819DBNS1,1899-12-30 10:51:38,1899-12-30 10:55:21,NA
20210819DBNS2,1899-12-30 11:01:24,1899-12-30 11:07:03,NA
20210819DBNS3,1899-12-30 10:40:58,1899-12-30 10:47:58,NA
20210819DBOW1,1899-12-30 10:25:31,1899-12-30 10:30:27,NA
20210819DBOW2,1899-12-30 10:33:24,1899-12-30 10:37:21,NA
20210819DBOW3,1899-12-30 10:17:25,1899-12-30 10:21:47,NA
20210819EMC3NS,1899-12-30 12:04:19,1899-12-30 12:15:15,NA
20210819EMC3OW,1899-12-30 12:46:02,1899-12-30 12:51:33,NA
20210819EMC4NS,1899-12-30 10:17:16,1899-12-30 10:31:37,NA
20210819EMC4OW,1899-12-30 12:35:12,1899-12-30 12:43:05,NA
20210819GBC2NS,1899-12-30 13:55:55,1899-12-30 14:04:40,NA
20210819GBC2OW,1899-12-30 13:47:09,1899-12-30 13:52:17,NA
20210831DSCT1NS,1899-12-30 12:42:55,1899-12-30 12:48:29,701.453952
20210831DSCT1OW,1899-12-30 12:50:39,1899-12-30 12:56:01,848.36736
20210831DSCT2NS,,,
20210831DSCT2NS2,1899-12-30 11:23:45,1899-12-30 11:28:23,607.299264
20210831DSCT2OW,1899-12-30 10:59:55,1899-12-30 11:08:55,2774.12256
20210831DSCT3OW,1899-12-30 12:07:34,1899-12-30 12:12:31,860.017824
20210831DSCT3OW2,1899-12-30 12:14:10,1899-12-30 12:19:45,947.03904
20210831DSCT4OW,1899-12-30 11:34:25,1899-12-30 11:40:37,929.561472
20210831DSCT4OW2,1899-12-30 11:44:39,1899-12-30 11:50:35,693.411264
20210901DBNS1,1899-12-30 10:50:30,1899-12-30 10:55:32,NA
20210901DBNS2,1899-12-30 10:32:32,1899-12-30 10:36:15,NA
20210901DBNS3,1899-12-30 10:43:20,1899-12-30 10:47:22,NA
20210901DBOW1,1899-12-30 10:14:29,1899-12-30 10:20:15,NA
20210901DBOW2,1899-12-30 10:24:26,1899-12-30 10:29:45,NA
20210901DBOW3,1899-12-30 10:05:05,1899-12-30 10:10:55,NA
20210901EMC3NS,1899-12-30 12:16:44,1899-12-30 12:23:44,NA
20210901EMC3OW,1899-12-30 12:51:22,1899-12-30 12:57:11,NA
20210901EMC4NS,1899-12-30 12:26:21,1899-12-30 12:38:25,NA
20210901EMC4OW,1899-12-30 12:39:50,1899-12-30 12:47:08,NA
20210901GBC2NS,1899-12-30 14:03:42,1899-12-30 14:08:40,NA
20210901GBC2OW,1899-12-30 13:57:33,1899-12-30 14:01:16,NA
20210914DSCT1NS,1899-12-30 14:25:16,1899-12-30 14:30:42,660.19104
20210914DSCT1OW,1899-12-30 14:33:51,1899-12-30 14:39:19,481.38048
20210914DSCT2NS,1899-12-30 12:29:56,1899-12-30 12:35:34,623.91168
20210914DSCT2NS2,1899-12-30 12:50:18,1899-12-30 12:56:21,675.71712
20210914DSCT2OW,1899-12-30 12:14:18,1899-12-30 12:23:36,2836.33632
20210914DSCT3OW,1899-12-30 13:49:59,1899-12-30 13:55:36,565.336512
20210914DSCT3OW2,1899-12-30 13:58:29,1899-12-30 14:05:39,669.904128
20210914DSCT4OW,1899-12-30 13:04:56,1899-12-30 13:12:06,946.18368
20210914DSCT4OW2,1899-12-30 13:16:35,1899-12-30 13:24:24,586.94256
20210914GBC2NS,1899-12-30 10:53:05,1899-12-30 11:00:25,NA
20210914GBC2OW,1899-12-30 10:45:27,1899-12-30 10:50:37,NA
20210920DBNS3,1899-12-30 10:46:45,1899-12-30 10:52:40,NA
20210920DBOW1,1899-12-30 10:39:08,1899-12-30 10:44:24,NA
20210920DBOW2,1899-12-30 10:24:13,1899-12-30 10:30:01,NA
20210920DBOW3,1899-12-30 10:31:13,1899-12-30 10:36:30,NA
20210920EMC3NS,1899-12-30 12:10:39,1899-12-30 12:17:21,NA
20210920EMC3OW,1899-12-30 11:39:29,1899-12-30 11:45:22,NA
20210920EMC4NS,1899-12-30 11:58:05,1899-12-30 12:09:21,NA
20210920GBC2NS,1899-12-30 13:25:27,1899-12-30 13:31:04,NA
20210920GBC2OW,1899-12-30 13:20:19,1899-12-30 13:24:16,NA
20210928DSCT1NS,1899-12-30 12:02:57,1899-12-30 12:08:15,812.635488
20210928DSCT1OW,1899-12-30 12:10:57,1899-12-30 12:15:51,928.35936
20210928DSCT2NS,1899-12-30 13:19:12,1899-12-30 13:24:32,568.02816
20210928DSCT2NS2,1899-12-30 13:11:02,1899-12-30 13:15:24,489.632256
20210928DSCT2OW,1899-12-30 13:27:50,1899-12-30 13:41:20,2677.0896
20210928DSCT3OW,1899-12-30 12:24:11,1899-12-30 12:29:05,734.2056
20210928DSCT3OW2,1899-12-30 12:31:33,1899-12-30 12:35:44,636.952464
20210928DSCT4OW,1899-12-30 12:51:38,1899-12-30 12:53:41,913.644288
20210928DSCT4OW2,1899-12-30 12:57:34,1899-12-30 13:02:16,791.34192
20210929DBNS1,1899-12-30 13:15:00,1899-12-30 13:18:39,NA
20210929DBNS2,1899-12-30 13:22:48,1899-12-30 13:28:37,NA
20210929DBNS3,1899-12-30 13:06:33,1899-12-30 13:12:10,NA
20210929DBOW1,1899-12-30 13:37:44,1899-12-30 13:43:34,NA
20210929DBOW2,1899-12-30 13:31:40,1899-12-30 13:35:54,NA
20210929DBOW3,1899-12-30 13:45:47,1899-12-30 13:50:40,NA
20210929EMC3NS,1899-12-30 11:26:43,1899-12-30 11:35:43,NA
20210929EMC3OW,1899-12-30 12:03:00,1899-12-30 12:09:31,NA
20210929EMC4NS,1899-12-30 11:38:11,1899-12-30 11:49:01,NA
20210929EMC4OW,1899-12-30 11:52:07,1899-12-30 12:00:11,NA
20211013DBNS1,1899-12-30 13:37:30,1899-12-30 13:42:42,835.928352
20211013DBNS2,1899-12-30 13:46:43,1899-12-30 13:52:06,602.154432
20211013DBNS3,1899-12-30 13:27:34,1899-12-30 13:33:16,794.214144
20211013DBOW1,1899-12-30 13:02:55,1899-12-30 13:08:01,1279.98432
20211013DBOW2,1899-12-30 13:10:23,1899-12-30 13:16:35,1073.28384
20211013DBOW3,1899-12-30 13:18:26,1899-12-30 13:23:47,940.36608
20211013DSCT1NS,1899-12-30 10:30:27,1899-12-30 10:35:33,562.381056
20211013DSCT1OW,1899-12-30 10:40:50,1899-12-30 10:46:10,1089.724176
20211013DSCT2NS,1899-12-30 11:04:56,1899-12-30 11:10:27,441.680976
20211013DSCT2NS2,1899-12-30 11:14:42,1899-12-30 11:20:20,628.329312
20211013DSCT2OW,1899-12-30 10:51:34,1899-12-30 11:01:38,2957.73408
20211013DSCT3OW,1899-12-30 11:25:47,1899-12-30 11:34:05,669.04704
20211013DSCT3OW2,1899-12-30 11:46:31,1899-12-30 11:52:00,699.211008
20211013DSCT4OW,1899-12-30 14:06:41,1899-12-30 14:12:05,1223.094528
20211013DSCT4OW2,1899-12-30 14:14:20,1899-12-30 14:19:45,1109.114208
20211013GBC2NS,1899-12-30 12:06:26,1899-12-30 12:12:42,751.11408
20211013GBC2OW,1899-12-30 11:57:17,1899-12-30 12:03:32,1100.56608
20211014EMC3NS,1899-12-30 10:56:50,1899-12-30 11:01:45,NA
20211014EMC3OW,1899-12-30 11:21:49,1899-12-30 11:26:41,NA
20211014EMC4NS,1899-12-30 11:03:27,1899-12-30 11:10:07,NA
20211014EMC4OW,1899-12-30 11:12:31,1899-12-30 11:18:40,NA
20220419DBOW1,1900-01-00 13:28:14,1900-01-00 13:33:20,1088.64
20220419DSCT1NS,1900-01-00 16:41:55,1900-01-00 16:48:06,997.92
20220419DSCT1OW,1900-01-00 16:50:20,1900-01-00 16:55:20,1233.36
20220419DSCT2NS,1900-01-00 16:15:15,1900-01-00 16:19:45,468.7975385
20220419DSCT3OW,1900-01-00 17:03:43,1900-01-00 17:07:41,599.0953846
20220419DSCT3OW2,1900-01-00 17:12:51,1900-01-00 17:18:49,916.992
20220419DSCT4OW,1900-01-00 15:19:11,1900-01-00 15:24:50,735.84
20220419DSCT4OW2,1900-01-00 15:08:18,1900-01-00 15:14:43,705.528
20220419EMC1NS,1900-01-00 12:34:41,1900-01-00 12:38:25,303.264
20220419EMC1OW,1900-01-00 12:24:56,1900-01-00 12:28:52,419.328
20220419EMC2NS,1900-01-00 12:42:49,1900-01-00 12:46:15,331.344
20220419EMC2OW,1900-01-00 12:11:15,1900-01-00 12:15:42,525.312
20220419EMC3NS,1900-01-00 12:52:15,1900-01-00 13:00:57,838.08
20220419EMC3OW,1900-01-00 11:52:07,1900-01-00 12:00:21,1318.752
20220419EMC4NS,1900-01-00 13:05:46,1900-01-00 13:13:16,1030.176
20220419EMC4OW,1900-01-00 11:31:48,1900-01-00 11:43:51,2079.36
20220419GBC1NS,1900-01-00 14:18:32,1900-01-00 14:23:55,434.88
20220419GBC1OW,1900-01-00 14:06:39,1900-01-00 14:13:14,842.4
20220419GBC2NS,1900-01-00 14:29:34,1900-01-00 14:33:42,432
20220419GBC2OW,1900-01-00 13:51:24,1900-01-00 13:59:27,1362.528
20220421DBNS1,1900-01-00 11:59:10,1900-01-00 12:04:10,566.784
20220421DBNS2,1900-01-00 12:15:20,1900-01-00 12:20:35,569.088
20220421DBNS3,1900-01-00 11:47:33,1900-01-00 11:52:42,617.76
20220421DBOW2,1900-01-00 11:19:31,1900-01-00 11:24:23,964.8
20220421DBOW3,1900-01-00 11:34:21,1900-01-00 11:40:03,1074.24
20220421DSCT2NS2,1900-01-00 12:34:57,1900-01-00 12:41:53,657.216
20220421DSCT2OW,1900-01-00 12:46:50,1900-01-00 12:53:35,2422.08
20220502DBNS1,1900-01-00 12:47:46,1900-01-00 12:51:44,562.176
20220502DBNS2,1900-01-00 12:12:39,1900-01-00 12:18:02,588.672
20220502DBNS3,1900-01-00 12:32:49,1900-01-00 12:37:35,785.664
20220502DBOW1,1900-01-00 12:04:17,1900-01-00 12:09:27,1091.52
20220502DBOW2,1900-01-00 12:40:35,1900-01-00 12:46:21,950.4
20220502DBOW3,1900-01-00 12:24:02,1900-01-00 12:30:17,1638.72
20220502DSCT1NS,1900-01-00 13:41:03,1900-01-00 13:46:07,544.32
20220502DSCT1OW,1900-01-00 13:48:41,1900-01-00 13:53:10,580.32
20220502DSCT2NS,1900-01-00 11:26:43,1900-01-00 11:32:08,578.448
20220502DSCT2NS2,1900-01-00 11:36:24,1900-01-00 11:40:50,418.608
20220502DSCT2OW,1900-01-00 11:50:29,1900-01-00 11:55:40,1915.2
20220502DSCT3OW,1900-01-00 13:25:54,1900-01-00 13:31:11,555.984
20220502DSCT3OW2,1900-01-00 13:18:48,1900-01-00 13:22:06,186.624
20220502DSCT4OW,1900-01-00 10:18:02,1900-01-00 10:23:47,824.6674286
20220502DSCT4OW2,1900-01-00 10:26:12,1900-01-00 10:31:19,491.04
20220502GBC1NS,1900-01-00 10:56:38,1900-01-00 11:00:29,285.12
20220502GBC1OW,1900-01-00 10:49:15,1900-01-00 10:54:24,1008
20220502GBC2NS,1900-01-00 11:03:05,1900-01-00 11:11:26,835.2
20220502GBC2OW,1900-01-00 10:35:35,1900-01-00 10:43:16,1405.44
20220519DBNS1,1900-01-00 15:51:46,1900-01-00 15:56:24,1015.92
20220519DBNS2,1900-01-00 10:53:55,1900-01-00 10:59:06,469.728
20220519DBNS3,1900-01-00 10:34:43,1900-01-00 10:39:49,887.04
20220519DBOW1,1900-01-00 10:43:52,1900-01-00 10:49:08,1094.4
20220519DBOW2,1900-01-00 16:00:58,1900-01-00 16:05:59,1275.84
20220519DBOW3,1900-01-00 16:07:16,1900-01-00 16:12:07,1370.88
20220519DSCT1NS,1900-01-00 16:23:00,1900-01-00 16:28:37,720.576
20220519DSCT1OW,1900-01-00 16:31:43,1900-01-00 16:37:01,709.92
20220519DSCT2NS,1900-01-00 15:33:12,1900-01-00 15:38:10,504.576
20220519DSCT2NS2,1900-01-00 15:41:08,1900-01-00 15:45:26,478.08
20220519DSCT2OW,1900-01-00 15:19:49,1900-01-00 15:30:19,2554.56
20220519DSCT3OW,1900-01-00 10:16:34,1900-01-00 10:21:16,518.4
20220519DSCT3OW2,1900-01-00 10:24:00,1900-01-00 10:27:59,342.72
20220519DSCT4OW,1900-01-00 12:50:14,1900-01-00 12:52:28,1092.96
20220519DSCT4OW2,1900-01-00 12:42:09,1900-01-00 12:47:17,834.912
20220519EMC1NS,1900-01-00 14:38:01,1900-01-00 14:41:20,318.528
20220519EMC1OW,1900-01-00 14:30:43,1900-01-00 14:34:03,276.192
20220519EMC2NS,1900-01-00 14:43:53,1900-01-00 14:47:41,318.24
20220519EMC2OW,1900-01-00 14:19:26,1900-01-00 14:23:53,806.112
20220519EMC3NS,1900-01-00 14:50:13,1900-01-00 14:55:46,620.64
20220519EMC3OW,1900-01-00 14:04:42,1900-01-00 14:11:53,1463.04
20220519EMC4NS,1900-01-00 14:59:04,1900-01-00 15:07:00,1249.92
20220519EMC4OW,1900-01-00 13:42:59,1900-01-00 13:53:43,2134.08
20220519GBC1NS,1900-01-00 12:07:31,1900-01-00 12:12:32,450.72
20220519GBC1OW,1900-01-00 11:59:47,1900-01-00 12:12:27,979.2
20220519GBC2NS,1900-01-00 12:16:47,1900-01-00 12:22:15,505.44
20220519GBC2OW,1900-01-00 11:42:07,1900-01-00 11:49:59,63.36
20220601DBNS1,1900-01-00 15:26:36,1900-01-00 15:31:57,760.32
20220601DBNS2,1900-01-00 14:51:19,1900-01-00 14:56:26,526.032
20220601DBNS3,1900-01-00 15:10:12,1900-01-00 15:15:13,827.424
20220601DBOW1,1900-01-00 14:41:45,1900-01-00 14:47:30,1195.2
20220601DBOW2,1900-01-00 15:18:55,1900-01-00 15:24:14,1229.76
20220601DBOW3,1900-01-00 15:00:24,1900-01-00 15:05:28,1264.32
20220601DSCT1NS,1900-01-00 16:23:38,1900-01-00 16:28:48,615.168
20220601DSCT1OW,1900-01-00 16:11:00,1900-01-00 16:16:11,800.64
20220601DSCT2NS,1900-01-00 16:46:14,1900-01-00 16:51:37,425.52
20220601DSCT2NS2,1900-01-00 17:00:02,1900-01-00 17:03:31,293.904
20220601DSCT2OW,1900-01-00 16:35:20,1900-01-00 16:43:13,2767.68
20220601DSCT3OW,1900-01-00 15:45:30,1900-01-00 15:49:49,527.904
20220601DSCT3OW2,1900-01-00 15:52:26,1900-01-00 15:55:54,293.76
20220601DSCT4OW,1900-01-00 11:20:05,1900-01-00 11:26:45,522.72
20220601DSCT4OW2,1900-01-00 11:34:04,1900-01-00 11:39:22,432
20220601EMC1NS,1900-01-00 13:46:07,1900-01-00 13:49:10,310.752
20220601EMC1OW,1900-01-00 13:37:10,1900-01-00 13:41:56,368.928
20220601EMC2NS,1900-01-00 13:51:25,1900-01-00 13:54:26,342.576
20220601EMC2OW,1900-01-00 13:25:46,1900-01-00 13:30:26,566.496
20220601EMC3NS,1900-01-00 13:57:00,1900-01-00 14:03:24,748.8
20220601EMC3OW,1900-01-00 13:12:13,1900-01-00 13:19:38,1333.44
20220601EMC4NS,1900-01-00 14:05:49,1900-01-00 14:11:43,866.88
20220601EMC4OW,1900-01-00 12:56:56,1900-01-00 13:08:04,2001.6
20220601GBC1NS,1900-01-00 12:16:10,1900-01-00 12:21:48,552.24
20220601GBC1OW,1900-01-00 12:06:39,1900-01-00 12:12:12,709.92
20220601GBC2NS,1900-01-00 12:24:30,1900-01-00 12:29:21,635.04
20220601GBC2OW,1900-01-00 11:51:00,1900-01-00 11:59:17,1031.04
20220616DBNS1,1900-01-00 12:19:29,1900-01-00 12:24:08,678.24
20220616DBNS2,1900-01-00 11:50:57,1900-01-00 11:55:29,565.92
20220616DBNS3,1900-01-00 12:05:35,1900-01-00 12:10:18,872.64
20220616DBOW1,1900-01-00 11:42:41,1900-01-00 11:47:48,927.792
20220616DBOW2,1900-01-00 12:12:43,1900-01-00 12:17:43,819.072
20220616DBOW3,1900-01-00 11:58:22,1900-01-00 12:03:23,1153.44
20220616DSCT1NS,1900-01-00 15:35:59,1900-01-00 15:41:17,681.984
20220616DSCT1OW,1900-01-00 15:46:10,1900-01-00 15:50:58,1220.832
20220616DSCT2NS,1900-01-00 14:58:03,1900-01-00 15:03:28,456.48
20220616DSCT2NS2,1900-01-00 15:07:07,1900-01-00 15:12:07,503.712
20220616DSCT2OW,1900-01-00 15:17:57,1900-01-00 15:27:45,2260.224
20220616DSCT3OW,1900-01-00 11:26:30,1900-01-00 11:31:08,431.424
20220616DSCT3OW2,1900-01-00 11:32:58,1900-01-00 11:36:35,243.36
20220616DSCT4OW,1900-01-00 10:05:52,1900-01-00 10:12:02,784.224
20220616DSCT4OW2,1900-01-00 10:15:10,1900-01-00 10:20:18,618.624
20220616EMC1NS,1900-01-00 13:59:11,1900-01-00 14:02:29,250.56
20220616EMC1OW,1900-01-00 13:52:12,1900-01-00 13:57:05,433.3090909
20220616EMC2NS,1900-01-00 14:06:17,1900-01-00 14:10:33,313.92
20220616EMC2OW,1900-01-00 13:36:07,1900-01-00 13:40:54,668.16
20220616EMC3NS,1900-01-00 14:13:14,1900-01-00 14:20:15,679.104
20220616EMC3OW,1900-01-00 13:17:10,1900-01-00 13:24:54,1382.4
20220616EMC4NS,1900-01-00 14:26:32,1900-01-00 14:36:36,891.648
20220616EMC4OW,1900-01-00 12:57:03,1900-01-00 13:05:45,1705.536
20220616GBC1NS,1900-01-00 10:54:47,1900-01-00 10:57:17,190.08
20220616GBC1OW,1900-01-00 10:46:48,1900-01-00 10:52:13,727.056
20220616GBC2NS,1900-01-00 11:02:17,1900-01-00 11:07:09,559.872
20220616GBC2OW,1900-01-00 10:29:36,1900-01-00 10:36:08,927.792
20220628DBNS1,1900-01-00 14:16:13,1900-01-00 14:21:14,811.008
20220628DBNS2,1900-01-00 13:42:46,1900-01-00 13:47:40,606.816
20220628DBNS3,1900-01-00 14:00:21,1900-01-00 14:05:31,952.128
20220628DBOW1,1900-01-00 13:33:09,1900-01-00 13:39:41,1187.424
20220628DBOW2,1900-01-00 14:08:56,1900-01-00 14:14:11,1140.48
20220628DBOW3,1900-01-00 13:50:55,1900-01-00 13:55:58,1226.88
20220628DSCT1NS,1900-01-00 15:31:57,1900-01-00 15:37:05,391.248
20220628DSCT1OW,1900-01-00 15:41:45,1900-01-00 15:46:32,843.264
20220628DSCT2NS,1900-01-00 15:03:50,1900-01-00 15:08:56,393.12
20220628DSCT2NS2,1900-01-00 15:12:06,1900-01-00 15:17:21,560.448
20220628DSCT2OW,1900-01-00 14:52:21,1900-01-00 14:59:48,2399.04
20220628DSCT3OW,1900-01-00 14:44:12,1900-01-00 14:49:11,598.752
20220628DSCT3OW2,1900-01-00 14:38:18,1900-01-00 14:41:53,313.344
20220628DSCT4OW,1900-01-00 09:38:14,1900-01-00 09:45:51,765.504
20220628DSCT4OW2,1900-01-00 09:48:43,1900-01-00 09:54:05,689.472
20220628EMC1NS,1900-01-00 12:27:47,1900-01-00 12:31:43,320.112
20220628EMC1OW,1900-01-00 12:19:43,1900-01-00 12:24:28,472.32
20220628EMC2NS,1900-01-00 12:37:15,1900-01-00 12:41:49,391.248
20220628EMC2OW,1900-01-00 12:05:17,1900-01-00 12:10:53,751.68
20220628EMC3NS,1900-01-00 12:47:05,1900-01-00 12:54:31,769.392
20220628EMC3OW,1900-01-00 11:44:10,1900-01-00 11:52:01,1376.64
20220628EMC4NS,1900-01-00 12:58:57,1900-01-00 13:08:01,1098.72
20220628EMC4OW,1900-01-00 11:21:07,1900-01-00 11:28:50,1817.28
20220628GBC1NS,1900-01-00 10:35:35,1900-01-00 10:41:24,544.32
20220628GBC1OW,1900-01-00 10:23:16,1900-01-00 10:31:12,1152
20220628GBC2NS,1900-01-00 10:46:50,1900-01-00 10:52:07,610.272
20220628GBC2OW,1900-01-00 10:05:04,1900-01-00 10:08:35,1140.48
20220713DBNS1,1900-01-00 13:33:19,1900-01-00 13:38:19,898.56
20220713DBNS2,1900-01-00 13:06:08,1900-01-00 13:11:11,693.36
20220713DBNS3,1900-01-00 13:23:30,1900-01-00 13:28:33,982.08
20220713DBOW1,1900-01-00 12:54:53,1900-01-00 12:59:54,998.64
20220713DBOW2,1900-01-00 13:41:04,1900-01-00 13:46:06,1180.8
20220713DBOW3,1900-01-00 13:15:05,1900-01-00 13:20:08,1226.88
20220713DSCT1NS,1900-01-00 15:21:45,1900-01-00 15:26:55,665.28
20220713DSCT1OW,1900-01-00 15:29:09,1900-01-00 15:33:32,822.528
20220713DSCT2NS,1900-01-00 14:22:09,1900-01-00 14:27:13,424.944
20220713DSCT2NS2,1900-01-00 14:30:39,1900-01-00 14:35:26,626.976
20220713DSCT2OW,1900-01-00 14:13:31,1900-01-00 14:19:27,2301.12
20220713DSCT3OW,1900-01-00 14:03:04,1900-01-00 14:07:56,697.248
20220713DSCT3OW2,1900-01-00 13:55:02,1900-01-00 14:06:00,717.264
20220713DSCT4OW,1900-01-00 14:54:28,1900-01-00 15:00:43,813.888
20220713DSCT4OW2,1900-01-00 14:45:42,1900-01-00 14:50:39,650.16
20220713EMC1NS,1900-01-00 11:30:56,1900-01-00 11:36:00,400.608
20220713EMC1OW,1900-01-00 11:24:26,1900-01-00 11:28:49,527.04
20220713EMC2NS,1900-01-00 11:40:16,1900-01-00 11:43:40,318.24
20220713EMC2OW,1900-01-00 11:12:36,1900-01-00 11:17:10,722.88
20220713EMC3NS,1900-01-00 11:46:57,1900-01-00 11:52:28,582.336
20220713EMC3OW,1900-01-00 10:59:14,1900-01-00 11:05:34,1252.8
20220713EMC4NS,1900-01-00 11:55:26,1900-01-00 12:04:47,881.28
20220713EMC4OW,1900-01-00 10:40:48,1900-01-00 10:51:52,2053.44
20220713GBC1NS,1900-01-00 09:54:48,1900-01-00 10:00:48,476.64
20220713GBC1OW,1900-01-00 09:46:01,1900-01-00 09:52:29,937.584
20220713GBC2NS,1900-01-00 10:05:04,1900-01-00 10:10:22,615.888
20220713GBC2OW,1900-01-00 09:31:26,1900-01-00 09:38:33,1108.8
20220728DBNS1,1900-01-00 13:37:40,1900-01-00 13:43:00,842.112
20220728DBNS2,1900-01-00 13:11:38,1900-01-00 13:17:00,584.064
20220728DBNS3,1900-01-00 13:28:04,1900-01-00 13:33:18,834.624
20220728DBOW1,1900-01-00 13:03:03,1900-01-00 13:08:26,912.96
20220728DBOW2,1900-01-00 13:45:04,1900-01-00 13:50:19,1209.6
20220728DBOW3,1900-01-00 13:19:40,1900-01-00 13:24:52,1010.88
20220728DSCT1NS,1900-01-00 14:59:02,1900-01-00 15:04:42,808.704
20220728DSCT1OW,1900-01-00 15:08:36,1900-01-00 15:13:19,940.032
20220728DSCT2NS,1900-01-00 14:32:20,1900-01-00 14:38:05,495.936
20220728DSCT2NS2,1900-01-00 14:41:24,1900-01-00 14:46:30,561.6
20220728DSCT2OW,1900-01-00 14:22:02,1900-01-00 14:29:45,2082.24
20220728DSCT3OW,1900-01-00 14:11:21,1900-01-00 14:18:51,555.12
20220728DSCT3OW2,1900-01-00 14:02:20,1900-01-00 14:07:39,829.872
20220728DSCT4OW,1900-01-00 09:28:15,1900-01-00 09:35:09,844.56
20220728DSCT4OW2,1900-01-00 09:37:50,1900-01-00 09:42:52,653.184
20220728EMC1NS,1900-01-00 11:48:43,1900-01-00 11:52:37,303.264
20220728EMC1OW,1900-01-00 11:41:10,1900-01-00 11:46:40,467.712
20220728EMC2NS,1900-01-00 11:57:18,1900-01-00 12:01:27,398.736
20220728EMC2OW,1900-01-00 11:28:02,1900-01-00 11:33:14,668.16
20220728EMC3NS,1900-01-00 12:04:32,1900-01-00 12:11:03,707.616
20220728EMC3OW,1900-01-00 11:15:41,1900-01-00 11:21:51,1258.56
20220728EMC4NS,1900-01-00 12:14:38,1900-01-00 12:24:47,1139.04
20220728EMC4OW,1900-01-00 11:00:49,1900-01-00 11:09:26,1661.76
20220728GBC1NS,1900-01-00 10:15:36,1900-01-00 10:20:54,554.112
20220728GBC1OW,1900-01-00 10:06:37,1900-01-00 10:13:25,792.576
20220728GBC2NS,1900-01-00 10:24:12,1900-01-00 10:28:32,527.904
20220728GBC2OW,1900-01-00 09:51:56,1900-01-00 09:59:20,1203.84
20220810DBNS1,1900-01-00 12:50:34,1900-01-00 12:55:14,600.48
20220810DBNS2,1900-01-00 12:17:26,1900-01-00 12:22:10,652.32
20220810DBNS3,1900-01-00 12:34:12,1900-01-00 12:39:11,775.44
20220810DBOW1,1900-01-00 12:09:36,1900-01-00 12:14:33,917.568
20220810DBOW2,1900-01-00 12:42:59,1900-01-00 12:47:41,737.28
20220810DBOW3,1900-01-00 12:26:38,1900-01-00 12:31:21,1019.52
20220810DSCT1NS,1900-01-00 16:01:36,1900-01-00 16:05:57,565.92
20220810DSCT1OW,1900-01-00 16:11:12,1900-01-00 16:15:11,753.408
20220810DSCT2NS,1900-01-00 14:35:56,1900-01-00 14:40:55,407.808
20220810DSCT2NS2,1900-01-00 14:47:18,1900-01-00 14:52:13,584.64
20220810DSCT2OW,1900-01-00 14:22:54,1900-01-00 14:31:43,2995.2
20220810DSCT3OW,1900-01-00 15:32:43,1900-01-00 15:37:07,731.52
20220810DSCT3OW2,1900-01-00 15:40:31,1900-01-00 15:44:55,720
20220810DSCT4OW,1900-01-00 14:59:32,1900-01-00 15:04:16,987.84
20220810DSCT4OW2,1900-01-00 15:08:10,1900-01-00 15:12:16,848.16
20220810GBC1NS,1900-01-00 11:31:39,1900-01-00 11:37:42,612.144
20220810GBC1OW,1900-01-00 11:22:00,1900-01-00 11:29:01,760.32
20220810GBC2NS,1900-01-00 11:42:06,1900-01-00 11:47:14,659.232
20220810GBC2OW,1900-01-00 11:04:01,1900-01-00 11:11:08,1005.12
20220812EMC1NS,1900-01-00 13:04:25,1900-01-00 13:09:20,321.1776
20220812EMC1OW,1900-01-00 12:43:06,1900-01-00 12:46:52,345.6
20220812EMC2NS,1900-01-00 13:12:51,1900-01-00 13:17:40,379.9296
20220812EMC2OW,1900-01-00 12:34:49,1900-01-00 12:41:04,628.56
20220812EMC3NS,1900-01-00 13:29:28,1900-01-00 13:41:28,904.7808
20220812EMC3OW,1900-01-00 12:23:37,1900-01-00 12:31:57,1408.32
20220812EMC4NS,1900-01-00 13:47:51,1900-01-00 14:03:10,1269.7344
20220812EMC4OW,1900-01-00 12:08:56,1900-01-00 12:19:52,1843.2
20220825DBNS1,1900-01-00 13:22:17,1900-01-00 13:28:00,816.48
20220825DBNS2,1900-01-00 13:11:38,1900-01-00 13:16:44,684.72
20220825DBNS3,1900-01-00 12:52:59,1900-01-00 12:57:46,959.04
20220825DBOW1,1900-01-00 12:16:04,1900-01-00 12:21:25,1200.96
20220825DBOW2,1900-01-00 13:34:01,1900-01-00 13:39:20,1008
20220825DBOW3,1900-01-00 13:01:00,1900-01-00 13:06:51,976.32
20220825DSCT1NS,1900-01-00 15:38:53,1900-01-00 15:43:45,479.232
20220825DSCT1OW,1900-01-00 15:47:32,1900-01-00 15:54:00,993.6
20220825DSCT2NS,1900-01-00 14:31:24,1900-01-00 14:36:34,578.88
20220825DSCT2NS2,1900-01-00 14:21:57,1900-01-00 14:27:01,499.824
20220825DSCT2OW,1900-01-00 14:11:08,1900-01-00 14:19:02,1906.56
20220825DSCT3OW,1900-01-00 13:57:10,1900-01-00 14:01:47,536.112
20220825DSCT3OW2,1900-01-00 13:45:52,1900-01-00 13:51:13,700.416
20220825DSCT4OW,1900-01-00 14:47:36,1900-01-00 14:54:33,794.304
20220825DSCT4OW2,1900-01-00 14:57:50,1900-01-00 15:03:00,619.2
20220825EMC1NS,1900-01-00 10:05:43,1900-01-00 10:09:32,321.984
20220825EMC1OW,1900-01-00 09:58:10,1900-01-00 10:03:13,504
20220825EMC2NS,1900-01-00 10:14:04,1900-01-00 10:17:32,329.472
20220825EMC2OW,1900-01-00 09:47:55,1900-01-00 09:52:59,768.96
20220825EMC3NS,1900-01-00 10:19:56,1900-01-00 10:27:59,672.192
20220825EMC3OW,1900-01-00 09:34:16,1900-01-00 09:42:06,1304.64
20220825EMC4NS,1900-01-00 10:30:24,1900-01-00 10:37:30,943.92
20220825EMC4OW,1900-01-00 09:19:42,1900-01-00 09:29:57,1609.92
20220825GBC1NS,1900-01-00 11:34:43,1900-01-00 11:40:30,506.304
20220825GBC1OW,1900-01-00 11:25:30,1900-01-00 11:30:34,904.32
20220825GBC2NS,1900-01-00 11:52:19,1900-01-00 11:57:38,635.04
20220825GBC2OW,1900-01-00 10:59:13,1900-01-00 11:08:11,1097.28
20220908DBNS1,1900-01-00 12:35:20,1900-01-00 12:40:30,668.736
20220908DBNS2,1900-01-00 11:38:16,1900-01-00 11:44:00,773.28
20220908DBNS3,1900-01-00 11:53:50,1900-01-00 11:59:08,730.08
20220908DBOW1,1900-01-00 11:28:26,1900-01-00 11:33:47,967.68
20220908DBOW2,1900-01-00 12:45:10,1900-01-00 12:50:16,1048.32
20220908DBOW3,1900-01-00 11:46:32,1900-01-00 11:51:38,1175.04
20220908DSCT1NS,1900-01-00 14:12:33,1900-01-00 14:17:39,600.768
20220908DSCT1OW,1900-01-00 14:22:10,1900-01-00 14:27:25,568.08
20220908DSCT2NS,1900-01-00 13:23:59,1900-01-00 13:29:09,435.456
20220908DSCT2NS2,1900-01-00 13:32:40,1900-01-00 13:37:46,512.928
20220908DSCT2OW,1900-01-00 13:13:36,1900-01-00 13:20:53,2465.900308
20220908DSCT3OW,1900-01-00 13:04:35,1900-01-00 13:09:48,642.816
20220908DSCT3OW2,1900-01-00 12:56:19,1900-01-00 13:00:39,653.76
20220908DSCT4OW,1900-01-00 13:42:08,1900-01-00 13:47:20,879.12
20220908DSCT4OW2,1900-01-00 13:49:08,1900-01-00 13:53:49,699.552
20220908EMC1NS,1900-01-00 09:37:32,1900-01-00 09:41:14,314.496
20220908EMC1OW,1900-01-00 09:30:07,1900-01-00 09:35:05,433.152
20220908EMC2NS,1900-01-00 09:45:06,1900-01-00 09:48:00,285.12
20220908EMC2OW,1900-01-00 09:16:42,1900-01-00 09:22:24,670.464
20220908EMC3NS,1900-01-00 09:51:30,1900-01-00 09:57:56,598.752
20220908EMC3OW,1900-01-00 09:01:58,1900-01-00 09:08:51,1183.68
20220908EMC4NS,1900-01-00 10:00:11,1900-01-00 10:07:01,840.528
20220908EMC4OW,1900-01-00 08:43:02,1900-01-00 08:53:24,1906.56
20220908GBC1NS,1900-01-00 10:56:12,1900-01-00 11:01:19,520.416
20220908GBC1OW,1900-01-00 10:47:23,1900-01-00 10:52:47,598.32
20220908GBC2NS,1900-01-00 11:04:22,1900-01-00 11:10:11,679.536
20220908GBC2OW,1900-01-00 10:33:03,1900-01-00 10:39:00,967.68
20220922DBNS1,1900-01-00 12:02:53,1900-01-00 12:07:52,785.376
20220922DBNS2,1900-01-00 11:18:13,1900-01-00 11:23:07,578.304
20220922DBNS3,1900-01-00 11:35:12,1900-01-00 11:41:48,838.08
20220922DBOW1,1900-01-00 11:08:09,1900-01-00 11:13:59,1010.88
20220922DBOW2,1900-01-00 12:10:59,1900-01-00 12:16:03,1013.76
20220922DBOW3,1900-01-00 11:26:55,1900-01-00 11:32:01,1097.28
20220922DSCT1NS,1900-01-00 13:58:54,1900-01-00 14:04:02,495.4752
20220922DSCT1OW,1900-01-00 14:06:40,1900-01-00 14:12:03,718.848
20220922DSCT2NS,1900-01-00 12:58:22,1900-01-00 13:03:25,409.248
20220922DSCT2NS2,1900-01-00 13:10:52,1900-01-00 13:16:13,482.976
20220922DSCT2OW,1900-01-00 12:44:49,1900-01-00 12:54:08,2983.68
20220922DSCT3OW,1900-01-00 12:22:42,1900-01-00 12:27:53,656.64
20220922DSCT3OW2,1900-01-00 12:29:25,1900-01-00 12:34:39,520.704
20220922DSCT4OW,1900-01-00 13:20:29,1900-01-00 13:25:37,794.88
20220922DSCT4OW2,1900-01-00 13:29:06,1900-01-00 13:34:40,857.952
20220922EMC1NS,1900-01-00 09:18:15,1900-01-00 09:21:55,298.944
20220922EMC1OW,1900-01-00 09:10:26,1900-01-00 09:15:49,399.168
20220922EMC2NS,1900-01-00 09:24:46,1900-01-00 09:28:01,338.832
20220922EMC2OW,1900-01-00 08:56:27,1900-01-00 09:01:32,511.92
20220922EMC3NS,1900-01-00 09:31:27,1900-01-00 09:37:02,536.976
20220922EMC3OW,1900-01-00 08:42:04,1900-01-00 08:48:09,1114.56
20220922EMC4NS,1900-01-00 09:40:35,1900-01-00 09:47:45,748.224
20220922EMC4OW,1900-01-00 08:23:29,1900-01-00 08:33:03,1635.84
20220922GBC1NS,1900-01-00 10:33:28,1900-01-00 10:38:46,524.16
20220922GBC1OW,1900-01-00 10:25:03,1900-01-00 10:31:23,637.2
20220922GBC2NS,1900-01-00 10:42:02,1900-01-00 10:47:30,595.296
20220922GBC2OW,1900-01-00 10:10:17,1900-01-00 10:17:27,1105.92
20221006DBNS1,1900-01-00 13:39:39,1900-01-00 13:46:08,699.84
20221006DBNS2,1900-01-00 14:05:25,1900-01-00 14:09:40,402.624
20221006DBNS3,1900-01-00 13:51:59,1900-01-00 13:59:02,747.36
20221006DBOW1,1900-01-00 14:21:54,1900-01-00 14:27:51,1108.8
20221006DBOW2,1900-01-00 13:26:05,1900-01-00 13:31:30,999.36
20221006DBOW3,1900-01-00 14:12:30,1900-01-00 14:17:53,1137.6
20221006DSCT1NS,1900-01-00 10:33:45,1900-01-00 10:38:45,416.16
20221006DSCT1OW,1900-01-00 10:44:25,1900-01-00 10:50:24,687.024
20221006DSCT2NS,1900-01-00 11:13:33,1900-01-00 11:19:08,502.272
20221006DSCT2NS2,1900-01-00 11:27:34,1900-01-00 11:33:22,656.064
20221006DSCT2OW,1900-01-00 10:58:37,1900-01-00 11:09:09,2862.72
20221006DSCT3OW,1900-01-00 13:08:48,1900-01-00 13:12:54,671.04
20221006DSCT3OW2,1900-01-00 13:15:16,1900-01-00 13:19:00,682.56
20221006DSCT4OW,1900-01-00 11:40:44,1900-01-00 11:46:21,1131.84
20221006DSCT4OW2,1900-01-00 11:49:23,1900-01-00 11:55:19,898.416
20221006EMC1NS,1900-01-00 09:22:10,1900-01-00 09:27:43,374.976
20221006EMC1OW,1900-01-00 09:13:35,1900-01-00 09:18:37,552.96
20221006EMC2NS,1900-01-00 09:30:36,1900-01-00 09:35:12,423.936
20221006EMC2OW,1900-01-00 09:01:22,1900-01-00 09:06:52,685.44
20221006EMC3NS,1900-01-00 09:40:08,1900-01-00 09:48:11,740.88
20221006EMC3OW,1900-01-00 08:47:58,1900-01-00 08:55:11,1183.68
20221006EMC4NS,1900-01-00 09:57:08,1900-01-00 10:05:43,827.28
20221006EMC4OW,1900-01-00 08:30:43,1900-01-00 08:41:25,1751.04
20221006GBC1NS,1900-01-00 12:28:10,1900-01-00 12:35:49,815.616
20221006GBC1OW,1900-01-00 12:19:04,1900-01-00 12:24:20,872.64
20221006GBC2NS,1900-01-00 12:38:07,1900-01-00 12:45:32,739.584
20221006GBC2OW,1900-01-00 12:10:25,1900-01-00 12:15:40,1175.04
20221024DBNS1,1900-01-00 10:35:31,1900-01-00 10:40:35,682.56
20221024DBNS2,1900-01-00 10:09:43,1900-01-00 10:14:46,630.72
20221024DBNS3,1900-01-00 10:26:29,1900-01-00 10:31:31,680.4
20221024DBOW1,1900-01-00 10:00:58,1900-01-00 10:06:00,889.92
20221024DBOW2,1900-01-00 10:44:03,1900-01-00 10:49:20,967.68
20221024DBOW3,1900-01-00 10:18:11,1900-01-00 10:23:18,1022.4
20221024DSCT1NS,1900-01-00 13:19:08,1900-01-00 13:23:50,604.656
20221024DSCT1OW,1900-01-00 13:32:18,1900-01-00 13:36:56,453.6
20221024DSCT2NS,1900-01-00 11:36:38,1900-01-00 11:41:40,481.68
20221024DSCT2NS2,1900-01-00 11:45:09,1900-01-00 11:50:12,407.088
20221024DSCT2OW,1900-01-00 11:20:59,1900-01-00 11:33:49,2606.4
20221024DSCT3OW,1900-01-00 11:03:06,1900-01-00 11:08:07,665.28
20221024DSCT3OW2,1900-01-00 10:56:30,1900-01-00 11:00:52,441.504
20221024DSCT4OW,1900-01-00 11:54:47,1900-01-00 11:59:59,698.112
20221024DSCT4OW2,1900-01-00 12:02:09,1900-01-00 12:07:18,873.216
20221024GBC1NS,1900-01-00 12:36:42,1900-01-00 12:41:19,558.432
20221024GBC1OW,1900-01-00 12:29:18,1900-01-00 12:33:52,727.92
20221024GBC2NS,1900-01-00 12:45:50,1900-01-00 12:51:46,678.24
20221024GBC2OW,1900-01-00 12:22:20,1900-01-00 12:26:54,1062.72
20230508DBNS1,1899-12-30 14:09:29,1899-12-30 14:14:32,656.99424
20230508DBNS2,1899-12-30 14:26:24,1899-12-30 14:31:59,761.070816
20230508DBNS3,1899-12-30 11:21:17,1899-12-30 11:26:37,741.726864
20230508DBOW1,1899-12-30 14:18:11,1899-12-30 14:23:25,1065.06144
20230508DBOW2,1899-12-30 14:37:00,1899-12-30 14:42:03,1213.80192
20230508DBOW3,1899-12-30 11:29:33,1899-12-30 11:34:46,975.20832
20230508DSCT1NS,1899-12-30 15:02:59,1899-12-30 15:08:49,666.45288
20230508DSCT1OW,1899-12-30 15:12:12,1899-12-30 15:17:20,676.2204
20230508DSCT2NS,1899-12-30 10:29:44,1899-12-30 10:34:57,513.549504
20230508DSCT2NS2,1899-12-30 10:41:09,1899-12-30 10:47:01,428.925024
20230508DSCT2OW,1899-12-30 10:51:35,1899-12-30 10:58:22,2077.04736
20230508DSCT3OW,1899-12-30 11:02:42,1899-12-30 11:07:46,737.64288
20230508DSCT3OW2,1899-12-30 11:10:00,1899-12-30 11:15:20,790.277472
20230508DSCT4OW,1899-12-30 08:59:59,1899-12-30 09:07:16,846.22752
20230508DSCT4OW2,1899-12-30 09:10:18,1899-12-30 09:15:54,686.267136
20230508EMC1NS,1899-12-30 12:55:29,1899-12-30 12:59:03,277.579008
20230508EMC1OW,1899-12-30 12:46:32,1899-12-30 12:50:50,353.993328
20230508EMC2NS,1899-12-30 13:01:19,1899-12-30 13:05:49,295.60176
20230508EMC2OW,1899-12-30 12:37:54,1899-12-30 12:43:19,682.213536
20230508EMC3NS,1899-12-30 13:09:13,1899-12-30 13:15:45,576.316224
20230508EMC3OW,1899-12-30 12:29:00,1899-12-30 12:35:03,1226.93184
20230508EMC4NS,1899-12-30 13:36:52,1899-12-30 13:46:51,822.71808
20230508EMC4OW,1899-12-30 12:14:44,1899-12-30 12:26:00,2146.20192
20230508GBC1NS,1899-12-30 09:53:10,1899-12-30 09:59:38,610.043616
20230508GBC1OW,1899-12-30 09:42:19,1899-12-30 09:49:20,927.46656
20230508GBC2NS,1899-12-30 10:04:14,1899-12-30 10:09:42,603.880992
20230508GBC2OW,1899-12-30 09:26:32,1899-12-30 09:39:00,1347.05088
20230524DBNS1,1899-12-30 15:23:06,1899-12-30 15:27:52,611.92368
20230524DBNS2,1899-12-30 16:08:44,1899-12-30 16:13:47,830.883024
20230524DBNS3,1899-12-30 15:51:29,1899-12-30 15:56:03,876.8592
20230524DBOW1,1899-12-30 12:50:26,1899-12-30 12:55:11,762.82272
20230524DBOW2,1899-12-30 15:42:28,1899-12-30 15:46:48,911.03328
20230524DBOW3,1899-12-30 16:01:05,1899-12-30 16:05:34,925.509888
20230524DSCT1NS,1899-12-30 16:29:29,1899-12-30 16:33:44,406.52784
20230524DSCT1OW,1899-12-30 16:37:03,1899-12-30 16:41:18,533.40336
20230524DSCT2NS,1899-12-30 11:58:46,1899-12-30 12:04:05,440.201088
20230524DSCT2NS2,1899-12-30 12:10:56,1899-12-30 12:16:06,322.41456
20230524DSCT2OW,1899-12-30 12:19:46,1899-12-30 12:25:52,1948.60512
20230524DSCT3OW,1899-12-30 12:32:05,1899-12-30 12:37:33,607.38336
20230524DSCT3OW2,1899-12-30 12:39:38,1899-12-30 12:44:42,613.21248
20230524DSCT4OW,1899-12-30 10:18:06,1899-12-30 10:25:55,775.03104
20230524DSCT4OW2,1899-12-30 10:37:47,1899-12-30 10:43:33,694.41192
20230524EMC1NS,1899-12-30 14:28:12,1899-12-30 14:31:29,277.174656
20230524EMC1OW,1899-12-30 14:20:16,1899-12-30 14:25:00,558.858528
20230524EMC2NS,1899-12-30 14:34:45,1899-12-30 14:38:14,255.68208
20230524EMC2OW,1899-12-30 14:06:34,1899-12-30 14:12:56,925.22016
20230524EMC3NS,1899-12-30 14:44:02,1899-12-30 14:48:18,334.6632
20230524EMC3OW,1899-12-30 13:54:07,1899-12-30 14:01:07,1060.01856
20230524EMC4NS,1899-12-30 14:59:53,1899-12-30 15:04:23,647.98272
20230524EMC4OW,1899-12-30 13:37:14,1899-12-30 13:49:47,2039.14656
20230524GBC1NS,1899-12-30 11:19:29,1899-12-30 11:25:03,307.317888
20230524GBC1OW,1899-12-30 11:08:30,1899-12-30 11:15:56,827.965152
20230524GBC2NS,1899-12-30 11:29:52,1899-12-30 11:34:37,497.751696
20230524GBC2OW,1899-12-30 10:52:59,1899-12-30 11:01:22,1198.92672
20230614DBNS1,1899-12-30 10:29:16,1899-12-30 10:33:52,577.948896
20230614DBNS2,1899-12-30 10:16:21,1899-12-30 10:21:04,747.95904
20230614DBNS3,1899-12-30 09:54:10,1899-12-30 09:59:38,835.969248
20230614DBOW1,1899-12-30 09:46:26,1899-12-30 09:51:17,914.67648
20230614DBOW2,1899-12-30 10:07:55,1899-12-30 10:12:46,823.950144
20230614DBOW3,1899-12-30 10:37:52,1899-12-30 10:42:54,818.595072
20230614DSCT1NS,1899-12-30 13:25:29,1899-12-30 13:31:41,710.38944
20230614DSCT1OW,1899-12-30 13:36:28,1899-12-30 13:41:32,606.16152
20230614DSCT2NS,1899-12-30 11:20:18,1899-12-30 11:24:58,371.169216
20230614DSCT2NS2,1899-12-30 11:29:26,1899-12-30 11:33:46,481.295808
20230614DSCT2OW,1899-12-30 11:09:23,1899-12-30 11:17:31,2154.85632
20230614DSCT3OW,1899-12-30 10:58:24,1899-12-30 11:03:29,552.10752
20230614DSCT3OW2,1899-12-30 10:49:05,1899-12-30 10:53:37,537.8724
20230614DSCT4OW,1899-12-30 13:04:27,1899-12-30 13:09:30,576.635904
20230614DSCT4OW2,1899-12-30 12:55:58,1899-12-30 13:01:08,564.53112
20230614EMC1NS,1899-12-30 08:50:19,1899-12-30 08:54:18,252.91152
20230614EMC1OW,1899-12-30 08:44:10,1899-12-30 08:48:19,357.38712
20230614EMC2NS,1899-12-30 08:56:55,1899-12-30 09:00:46,322.93728
20230614EMC2OW,1899-12-30 08:36:38,1899-12-30 08:42:16,743.39424
20230614EMC3NS,1899-12-30 09:04:35,1899-12-30 09:11:38,496.19088
20230614EMC3OW,1899-12-30 08:27:22,1899-12-30 08:34:34,1184.35968
20230614EMC4NS,1899-12-30 09:20:49,1899-12-30 09:29:03,797.390352
20230614EMC4OW,1899-12-30 08:13:01,1899-12-30 08:23:57,1660.212288
20230614GBC1NS,1899-12-30 12:27:44,1899-12-30 12:34:07,356.784768
20230614GBC1OW,1899-12-30 11:57:24,1899-12-30 12:03:04,608.06304
20230614GBC2NS,1899-12-30 12:35:53,1899-12-30 12:44:55,548.002224
20230614GBC2OW,1899-12-30 11:48:26,1899-12-30 11:54:44,733.118256
20230622DBNS1,1899-12-30 10:10:38,1899-12-30 10:15:35,537.12072
20230622DBNS2,1899-12-30 10:46:43,1899-12-30 10:51:40,675.18432
20230622DBNS3,1899-12-30 10:28:29,1899-12-30 10:33:31,822.568608
20230622DBOW1,1899-12-30 09:59:25,1899-12-30 10:04:44,1056.39264
20230622DBOW2,1899-12-30 10:21:15,1899-12-30 10:26:09,918.7056
20230622DBOW3,1899-12-30 10:39:01,1899-12-30 10:43:53,706.480704
20230622DSCT1NS,1899-12-30 16:00:21,1899-12-30 16:05:13,470.196
20230622DSCT1OW,1899-12-30 16:09:25,1899-12-30 16:14:19,356.90544
20230622DSCT2NS,1899-12-30 15:32:39,1899-12-30 15:37:45,399.012768
20230622DSCT2NS2,1899-12-30 15:43:29,1899-12-30 15:48:26,549.938592
20230622DSCT2OW,1899-12-30 15:09:11,1899-12-30 15:27:09,2693.844864
20230622DSCT3OW,1899-12-30 09:35:46,1899-12-30 09:41:01,706.883328
20230622DSCT3OW2,1899-12-30 09:44:39,1899-12-30 09:49:47,591.871392
20230622DSCT4OW,1899-12-30 11:09:59,1899-12-30 11:15:33,592.292736
20230622DSCT4OW2,1899-12-30 11:22:18,1899-12-30 11:27:46,545.083344
20230622EMC1NS,1899-12-30 14:10:22,1899-12-30 14:14:03,281.578752
20230622EMC1OW,1899-12-30 14:03:32,1899-12-30 14:07:38,414.98352
20230622EMC2NS,1899-12-30 14:16:23,1899-12-30 14:21:18,303.0408
20230622EMC2OW,1899-12-30 13:50:57,1899-12-30 13:55:33,663.147648
20230622EMC3NS,1899-12-30 14:28:56,1899-12-30 14:35:24,569.520864
20230622EMC3OW,1899-12-30 13:38:35,1899-12-30 13:45:00,1179.8928
20230622EMC4NS,1899-12-30 14:43:46,1899-12-30 14:52:41,912.791088
20230622EMC4OW,1899-12-30 13:21:21,1899-12-30 13:31:54,1880.04384
20230622GBC1NS,1899-12-30 12:10:03,1899-12-30 12:15:36,607.198464
20230622GBC1OW,1899-12-30 11:58:08,1899-12-30 12:05:16,711.791136
20230622GBC2NS,1899-12-30 12:21:28,1899-12-30 12:26:35,578.216448
20230622GBC2OW,1899-12-30 11:40:47,1899-12-30 11:48:54,1076.46336
20230706DBNS1,1899-12-30 10:08:26,1899-12-30 10:13:11,799.41888
20230706DBNS2,1899-12-30 10:43:35,1899-12-30 10:46:41,670.73472
20230706DBNS3,1899-12-30 10:25:02,1899-12-30 10:29:44,936.24192
20230706DBOW1,1899-12-30 09:58:08,1899-12-30 10:03:20,1020.87936
20230706DBOW2,1899-12-30 10:16:52,1899-12-30 10:21:29,1002.5712
20230706DBOW3,1899-12-30 10:34:58,1899-12-30 10:39:07,806.904
20230706DSCT1NS,1899-12-30 15:10:05,1899-12-30 15:14:24,576.790848
20230706DSCT1OW,1899-12-30 15:17:27,1899-12-30 15:20:43,425.55024
20230706DSCT2NS,1899-12-30 14:36:15,1899-12-30 14:40:28,498.275856
20230706DSCT2NS2,1899-12-30 14:43:15,1899-12-30 14:47:28,486.12096
20230706DSCT2OW,1899-12-30 14:54:43,1899-12-30 15:05:23,2926.12608
20230706DSCT3OW,1899-12-30 09:40:11,1899-12-30 09:44:26,808.69248
20230706DSCT3OW2,1899-12-30 09:46:39,1899-12-30 09:51:15,859.21056
20230706DSCT4OW,1899-12-30 10:58:21,1899-12-30 11:04:15,797.7024
20230706DSCT4OW2,1899-12-30 11:11:32,1899-12-30 11:18:23,664.9236
20230706EMC1NS,1899-12-30 13:41:32,1899-12-30 13:44:15,223.164
20230706EMC1OW,1899-12-30 13:35:27,1899-12-30 13:38:53,469.541376
20230706EMC2NS,1899-12-30 13:46:17,1899-12-30 13:49:49,417.37032
20230706EMC2OW,1899-12-30 13:29:09,1899-12-30 13:33:37,782.96544
20230706EMC3NS,1899-12-30 13:53:08,1899-12-30 13:59:03,516.9816
20230706EMC3OW,1899-12-30 13:21:36,1899-12-30 13:27:35,1064.31552
20230706EMC4NS,1899-12-30 14:01:43,1899-12-30 14:10:13,758.64384
20230706EMC4OW,1899-12-30 13:07:37,1899-12-30 13:19:29,1903.11264
20230706GBC1NS,1899-12-30 12:04:21,1899-12-30 12:10:53,556.67664
20230706GBC1OW,1899-12-30 11:50:40,1899-12-30 11:58:51,1024.94304
20230706GBC2NS,1899-12-30 12:13:32,1899-12-30 12:18:23,467.3448
20230706GBC2OW,1899-12-30 11:40:36,1899-12-30 11:48:54,946.77408
20230811DBNS1,1899-12-30 09:51:45,1899-12-30 09:57:16,700.79904
20230811DBNS2,1899-12-30 10:23:35,1899-12-30 10:28:36,651.264768
20230811DBNS3,1899-12-30 10:08:38,1899-12-30 10:13:55,908.195328
20230811DBOW1,1899-12-30 10:16:25,1899-12-30 10:21:26,838.00224
20230811DBOW2,1899-12-30 10:00:27,1899-12-30 10:05:42,1029.76704
20230811DBOW3,1899-12-30 10:33:50,1899-12-30 10:38:53,1049.7456
20230811DSCT1NS,1899-12-30 13:21:20,1899-12-30 13:27:01,580.684608
20230811DSCT1OW,1899-12-30 13:29:48,1899-12-30 13:35:47,889.75584
20230811DSCT2NS,1899-12-30 11:40:31,1899-12-30 11:45:30,453.58056
20230811DSCT2NS2,1899-12-30 11:48:30,1899-12-30 11:53:49,582.45696
20230811DSCT2OW,1899-12-30 11:06:23,1899-12-30 11:14:51,2393.31744
20230811DSCT3OW,1899-12-30 10:55:13,1899-12-30 11:00:19,618.414336
20230811DSCT3OW2,1899-12-30 10:48:16,1899-12-30 10:53:15,533.07072
20230811DSCT4OW,1899-12-30 11:57:53,1899-12-30 12:03:08,939.53016
20230811DSCT4OW2,1899-12-30 12:06:54,1899-12-30 12:11:14,721.63872
20230811EMC1NS,1899-12-30 08:51:42,1899-12-30 08:55:24,193.109184
20230811EMC1OW,1899-12-30 08:44:08,1899-12-30 08:48:39,394.26912
20230811EMC2NS,1899-12-30 08:58:40,1899-12-30 09:03:39,325.651968
20230811EMC2OW,1899-12-30 08:35:31,1899-12-30 08:41:29,739.44
20230811EMC3NS,1899-12-30 09:07:59,1899-12-30 09:13:14,301.08384
20230811EMC3OW,1899-12-30 08:25:20,1899-12-30 08:32:13,1172.94048
20230811EMC4NS,1899-12-30 09:20:10,1899-12-30 09:25:37,491.068224
20230811EMC4OW,1899-12-30 08:09:53,1899-12-30 08:22:09,1805.95872
20230811GBC1NS,1899-12-30 12:39:10,1899-12-30 12:45:28,421.18704
20230811GBC1OW,1899-12-30 12:28:22,1899-12-30 12:35:01,845.5536
20230811GBC2NS,1899-12-30 12:49:05,1899-12-30 12:55:21,600.262416
20230811GBC2OW,1899-12-30 12:20:12,1899-12-30 12:25:03,960.8832
20230816DBNS1,1899-12-30 11:36:48,1899-12-30 11:41:42,787.781376
20230816DBNS2,1899-12-30 12:09:41,1899-12-30 12:14:16,719.352576
20230816DBNS3,1899-12-30 11:53:22,1899-12-30 11:58:01,960.51168
20230816DBOW1,1899-12-30 12:18:17,1899-12-30 12:22:48,1092.62304
20230816DBOW2,1899-12-30 11:46:13,1899-12-30 11:50:54,937.69056
20230816DBOW3,1899-12-30 12:02:02,1899-12-30 12:06:37,793.512
20230816DSCT1NS,1899-12-30 09:46:54,1899-12-30 09:51:24,454.41072
20230816DSCT1OW,1899-12-30 09:38:08,1899-12-30 09:43:03,656.15184
20230816DSCT2NS,1899-12-30 13:41:09,1899-12-30 13:46:34,519.493824
20230816DSCT2NS2,1899-12-30 13:51:15,1899-12-30 13:55:39,588.42
20230816DSCT2OW,1899-12-30 13:24:55,1899-12-30 13:37:24,2667.81312
20230816DSCT3OW,1899-12-30 13:14:07,1899-12-30 13:19:04,698.22432
20230816DSCT3OW2,1899-12-30 13:05:55,1899-12-30 13:10:30,651.071232
20230816DSCT4OW,1899-12-30 13:59:56,1899-12-30 14:04:11,909.356544
20230816DSCT4OW2,1899-12-30 14:07:25,1899-12-30 14:11:50,773.77464
20230816EMC1NS,1899-12-30 10:43:52,1899-12-30 10:47:31,200.96064
20230816EMC1OW,1899-12-30 10:36:01,1899-12-30 10:40:06,422.445312
20230816EMC2NS,1899-12-30 10:50:18,1899-12-30 10:53:41,294.706944
20230816EMC2OW,1899-12-30 10:28:01,1899-12-30 10:33:07,631.626336
20230816EMC3NS,1899-12-30 11:03:35,1899-12-30 11:08:35,379.58544
20230816EMC3OW,1899-12-30 10:16:26,1899-12-30 10:24:33,1446.5808
20230816EMC4NS,1899-12-30 11:12:53,1899-12-30 11:17:51,502.367184
20230816EMC4OW,1899-12-30 10:04:16,1899-12-30 10:14:56,1877.77728
20230816GBC1NS,1899-12-30 14:36:08,1899-12-30 14:42:37,582.078816
20230816GBC1OW,1899-12-30 14:27:22,1899-12-30 14:32:13,840.6288
20230816GBC2NS,1899-12-30 14:47:05,1899-12-30 14:52:06,515.788416
20230816GBC2OW,1899-12-30 14:19:43,1899-12-30 14:24:07,1170.13536
20230829DBNS1,1899-12-30 12:41:17,1899-12-30 12:45:41,913.668048
20230829DBNS2,1899-12-30 12:52:01,1899-12-30 12:56:32,772.346448
20230829DBNS3,1899-12-30 12:24:31,1899-12-30 12:29:25,919.688256
20230829DBOW1,1899-12-30 12:14:35,1899-12-30 12:19:22,1129.97088
20230829DBOW2,1899-12-30 12:33:03,1899-12-30 12:37:40,1018.123056
20230829DBOW3,1899-12-30 12:59:47,1899-12-30 13:04:29,1167.99552
20230829DSCT1NS,1899-12-30 10:04:24,1899-12-30 10:08:58,453.13632
20230829DSCT1OW,1899-12-30 09:54:18,1899-12-30 09:59:23,518.66208
20230829DSCT2NS,1899-12-30 14:03:13,1899-12-30 14:08:22,517.55184
20230829DSCT2NS2,1899-12-30 14:13:44,1899-12-30 14:18:31,500.174064
20230829DSCT2OW,1899-12-30 13:51:42,1899-12-30 13:59:30,2613.73536
20230829DSCT3OW,1899-12-30 13:39:48,1899-12-30 13:44:45,831.044448
20230829DSCT3OW2,1899-12-30 13:32:22,1899-12-30 13:36:54,713.880864
20230829DSCT4OW,1899-12-30 14:26:26,1899-12-30 14:31:16,1175.23512
20230829DSCT4OW2,1899-12-30 14:34:11,1899-12-30 14:37:58,857.683728
20230829EMC1NS,1899-12-30 11:21:53,1899-12-30 11:25:12,166.143744
20230829EMC1OW,1899-12-30 11:15:38,1899-12-30 11:18:56,341.258112
20230829EMC2NS,1899-12-30 11:06:56,1899-12-30 11:10:50,205.97472
20230829EMC2OW,1899-12-30 11:00:41,1899-12-30 11:04:29,561.47688
20230829EMC3NS,1899-12-30 11:31:18,1899-12-30 11:36:04,345.355488
20230829EMC3OW,1899-12-30 10:39:43,1899-12-30 10:45:45,921.82752
20230829EMC4NS,1899-12-30 11:42:48,1899-12-30 11:47:31,337.8672
20230829EMC4OW,1899-12-30 10:23:06,1899-12-30 10:31:13,1481.721984
20230829GBC1NS,1899-12-30 15:05:54,1899-12-30 15:10:17,507.428064
20230829GBC1OW,1899-12-30 14:56:07,1899-12-30 15:01:53,1062.523008
20230829GBC2NS,1899-12-30 15:15:58,1899-12-30 15:20:26,636.604416
20230829GBC2OW,1899-12-30 14:46:44,1899-12-30 14:50:33,1001.34432
20230913DBNS1,1899-12-30 12:40:49,1899-12-30 12:47:18,499.4928
20230913DBNS2,1899-12-30 13:27:18,1899-12-30 13:33:04,596.5488
20230913DBNS3,1899-12-30 13:04:59,1899-12-30 13:12:00,1136.64384
20230913DBOW1,1899-12-30 12:30:08,1899-12-30 12:36:48,1161.31968
20230913DBOW2,1899-12-30 12:55:10,1899-12-30 13:00:48,1116.0288
20230913DBOW3,1899-12-30 13:16:14,1899-12-30 13:22:45,1189.47168
20230913DSCT1NS,1899-12-30 09:21:17,1899-12-30 09:26:58,746.928
20230913DSCT1OW,1899-12-30 09:31:58,1899-12-30 09:39:00,949.32432
20230913DSCT2NS,1899-12-30 13:57:05,1899-12-30 14:04:00,596.16432
20230913DSCT2NS2,1899-12-30 14:06:16,1899-12-30 14:11:37,640.244736
20230913DSCT2OW,1899-12-30 13:43:34,1899-12-30 13:52:22,2877.2784
20230913DSCT3OW,1899-12-30 11:46:56,1899-12-30 11:52:09,730.17504
20230913DSCT3OW2,1899-12-30 11:54:37,1899-12-30 11:59:26,626.8968
20230913DSCT4OW,1899-12-30 14:14:20,1899-12-30 14:19:49,1117.156608
20230913DSCT4OW2,1899-12-30 14:22:39,1899-12-30 14:28:27,828.412416
20230913EMC1NS,1899-12-30 10:41:39,1899-12-30 10:45:22,319.64544
20230913EMC1OW,1899-12-30 10:33:07,1899-12-30 10:36:33,564.80832
20230913EMC2NS,1899-12-30 10:56:38,1899-12-30 11:00:13,301.6368
20230913EMC2OW,1899-12-30 10:26:07,1899-12-30 10:30:32,680.8752
20230913EMC3NS,1899-12-30 11:04:06,1899-12-30 11:12:21,475.997184
20230913EMC3OW,1899-12-30 10:15:28,1899-12-30 10:24:02,1366.59456
20230913EMC4NS,1899-12-30 11:16:45,1899-12-30 11:22:46,487.76832
20230913EMC4OW,1899-12-30 10:02:29,1899-12-30 10:13:10,1789.61472
20230913GBC1NS,1899-12-30 15:02:42,1899-12-30 15:10:04,509.205312
20230913GBC1OW,1899-12-30 14:48:46,1899-12-30 14:54:44,1316.12256
20230913GBC2NS,1899-12-30 15:13:57,1899-12-30 15:20:02,490.3272
20230913GBC2OW,1899-12-30 14:37:25,1899-12-30 14:42:00,772.03584
20230929DBNS1,1899-12-30 12:33:37,1899-12-30 12:38:24,489.269808
20230929DBNS2,1899-12-30 13:11:51,1899-12-30 13:19:34,565.88688
20230929DBNS3,1899-12-30 12:52:05,1899-12-30 12:57:28,630.89064
20230929DBOW1,1899-12-30 13:25:14,1899-12-30 13:30:36,1223.81568
20230929DBOW2,1899-12-30 12:41:59,1899-12-30 12:48:12,1290.26592
20230929DBOW3,1899-12-30 13:03:53,1899-12-30 13:09:30,973.73952
20230929DSCT1NS,1899-12-30 10:10:48,1899-12-30 10:15:43,671.76576
20230929DSCT1OW,1899-12-30 09:56:15,1899-12-30 10:01:44,1315.18656
20230929DSCT2NS,1899-12-30 15:17:23,1899-12-30 15:21:40,528.93648
20230929DSCT2NS2,1899-12-30 15:10:16,1899-12-30 15:14:15,550.85832
20230929DSCT2OW,1899-12-30 15:24:39,1899-12-30 15:43:40,2982.0384
20230929DSCT3OW,1899-12-30 12:11:12,1899-12-30 12:15:58,962.72928
20230929DSCT3OW2,1899-12-30 12:18:07,1899-12-30 12:23:30,829.46016
20230929DSCT4OW,1899-12-30 13:37:52,1899-12-30 13:39:21,645.37344
20230929DSCT4OW2,1899-12-30 13:59:27,1899-12-30 14:03:30,459.5328
20230929EMC1NS,1899-12-30 11:14:21,1899-12-30 11:18:30,223.8552
20230929EMC1OW,1899-12-30 11:06:54,1899-12-30 11:11:18,548.0784
20230929EMC2NS,1899-12-30 11:21:12,1899-12-30 11:27:33,357.65712
20230929EMC2OW,1899-12-30 11:00:57,1899-12-30 11:05:07,565.58016
20230929EMC3NS,1899-12-30 11:31:22,1899-12-30 11:38:49,539.20656
20230929EMC3OW,1899-12-30 10:50:16,1899-12-30 10:58:20,1360.46016
20230929EMC4NS,1899-12-30 11:43:27,1899-12-30 11:49:48,469.8288
20230929EMC4OW,1899-12-30 10:38:02,1899-12-30 10:48:16,1775.61216
20230929GBC1NS,1899-12-30 14:31:10,1899-12-30 14:37:34,398.596464
20230929GBC1OW,1899-12-30 14:21:32,1899-12-30 14:27:28,1208.00736
20230929GBC2NS,1899-12-30 14:40:52,1899-12-30 14:47:14,466.92
20230929GBC2OW,1899-12-30 14:15:03,1899-12-30 14:19:55,1047.75552
20231009DBNS1,1899-12-30 10:35:04,1899-12-30 10:38:02,496.936944
20231009DBNS2,1899-12-30 11:03:43,1899-12-30 11:11:01,986.945472
20231009DBNS3,1899-12-30 11:22:52,1899-12-30 11:32:45,1535.69952
20231009DBOW1,1899-12-30 10:50:35,1899-12-30 10:54:04,876.69216
20231009DBOW2,1899-12-30 10:43:51,1899-12-30 10:48:05,1188.81504
20231009DBOW3,1899-12-30 10:56:04,1899-12-30 11:01:12,1230.95808
20231009DSCT1NS,1899-12-30 14:37:50,1899-12-30 14:45:51,891.272448
20231009DSCT1OW,1899-12-30 14:51:09,1899-12-30 14:56:49,1255.77504
20231009DSCT2NS,1899-12-30 12:31:43,1899-12-30 12:40:42,371.205504
20231009DSCT2NS2,1899-12-30 14:12:45,1899-12-30 14:18:20,629.243136
20231009DSCT2OW,1899-12-30 12:20:04,1899-12-30 12:28:00,2625.97824
20231009DSCT3OW,1899-12-30 11:52:03,1899-12-30 11:56:01,1005.07104
20231009DSCT3OW2,1899-12-30 11:57:33,1899-12-30 12:02:00,868.23072
20231009DSCT4OW,1899-12-30 12:49:35,1899-12-30 12:53:54,1026.48672
20231009DSCT4OW2,1899-12-30 13:10:09,1899-12-30 13:13:06,505.67328
20231009EMC1NS,1899-12-30 09:15:42,1899-12-30 09:20:06,309.237696
20231009EMC1OW,1899-12-30 09:07:26,1899-12-30 09:08:48,473.058144
20231009EMC2NS,1899-12-30 09:37:49,1899-12-30 09:40:45,278.45856
20231009EMC2OW,1899-12-30 09:01:40,1899-12-30 09:04:29,635.28192
20231009EMC3NS,1899-12-30 09:44:07,1899-12-30 09:52:22,600.61104
20231009EMC3OW,1899-12-30 08:53:04,1899-12-30 08:59:03,1366.94592
20231009EMC4NS,1899-12-30 09:58:40,1899-12-30 10:04:57,392.73984
20231009EMC4OW,1899-12-30 08:39:02,1899-12-30 08:48:05,2136.1104
20231009GBC1NS,1899-12-30 13:38:26,1899-12-30 13:45:22,646.93512
20231009GBC1OW,1899-12-30 13:28:24,1899-12-30 13:34:57,1355.048352
20231009GBC2NS,1899-12-30 13:49:22,1899-12-30 13:56:14,709.95528
20231009GBC2OW,1899-12-30 13:22:50,1899-12-30 13:26:23,939.38976
20231024DBNS1,1899-12-30 10:47:16,1899-12-30 10:51:23,879.21792
20231024DBNS2,1899-12-30 10:35:08,1899-12-30 10:40:30,988.33824
20231024DBNS3,1899-12-30 11:04:31,1899-12-30 11:09:39,953.192448
20231024DBOW1,1899-12-30 10:08:41,1899-12-30 10:14:11,1182.37248
20231024DBOW2,1899-12-30 10:56:22,1899-12-30 11:01:04,1208.05056
20231024DBOW3,1899-12-30 10:17:28,1899-12-30 10:21:12,1335.1392
20231024DSCT1NS,1899-12-30 13:35:40,1899-12-30 13:42:00,1091.563776
20231024DSCT1OW,1899-12-30 13:46:44,1899-12-30 13:51:04,924.2064
20231024DSCT2NS,1899-12-30 11:46:53,1899-12-30 11:51:56,723.54528
20231024DSCT2NS2,1899-12-30 11:56:34,1899-12-30 12:01:37,841.5504
20231024DSCT2OW,1899-12-30 11:18:32,1899-12-30 11:27:29,2737.19808
20231024DSCT3OW,1899-12-30 09:47:23,1899-12-30 09:51:47,1016.76096
20231024DSCT3OW2,1899-12-30 09:54:22,1899-12-30 09:59:38,910.296
20231024DSCT4OW,1899-12-30 12:06:35,1899-12-30 12:11:51,1324.43424
20231024DSCT4OW2,1899-12-30 12:15:59,1899-12-30 12:20:51,1141.8768
20231024EMC1NS,1899-12-30 08:52:12,1899-12-30 08:55:14,261.8208
20231024EMC1OW,1899-12-30 08:42:31,1899-12-30 08:46:38,648.909792
20231024EMC2NS,1899-12-30 09:00:18,1899-12-30 09:02:57,272.20608
20231024EMC2OW,1899-12-30 08:37:39,1899-12-30 08:40:53,656.5536
20231024EMC3NS,1899-12-30 09:06:29,1899-12-30 09:15:03,1024.78392
20231024EMC3OW,1899-12-30 08:28:44,1899-12-30 08:35:28,1378.53216
20231024EMC4NS,1899-12-30 09:17:48,1899-12-30 09:24:48,840.3588
20231024EMC4OW,1899-12-30 08:17:48,1899-12-30 08:26:41,1944.97344
20231024GBC1NS,1899-12-30 12:48:57,1899-12-30 12:58:12,1019.51352
20231024GBC1OW,1899-12-30 12:36:28,1899-12-30 12:41:50,1256.95296
20231024GBC2NS,1899-12-30 13:02:35,1899-12-30 13:08:36,718.902
20231024GBC2OW,1899-12-30 12:29:09,1899-12-30 12:33:22,1141.8624
